tort #,id,Insc #,tort #,rarity score,rank
1,3d545362c71b84c6496606ec07c1509be25f07c9daed34b772bb1bbbd2316d60i0,17350,1,110.8,424
2,975ba4413992c53c497ac2ccd0dadcf1d24b58cc1091afc37cbc683cb4cb40cei0,35916,2,104.8,284
3,d8d98902f513d12c662a1a58ddd93bb0db9bb557e5f1c64040dff4a87824aa5fi0,40541,3,111.2,426
4,76d2329ece307b385fd3b58c5ffab678f08ba6d21caa2eb0ac0dcfede4c6e9adi0,40665,4,111.6,437
5,f553736125a161165759a16e6259cbb3de1c3f5c4a9f6cff489256a8b41167e5i0,40144,5,107,341
6,eb306671bef99959724aa4f12c78de99f50eca717b977225997603ee4c6c5e5fi0,35788,6,76.4,14
7,a611bcaa63f4db6894942303488977bdb797896da378a12e589e35be7123b14ei0,16621,7,114,476
8,7f38147a6ce9da58edac3a294534f6a98218c82d5c8c4cba05ce0d10021a8e2ci0,40161,8,85.4,43
9,50adea1698b07aa9975b4e631651deef98945ab75a5537fa4e765d185c94a0edi0,40050,9,107.2,344
10,1b3ac8a9246e02de3a333c4f060e94afa20170693d0b3b9b182677cf42d96916i0,37707,10,81.4,24
11,81031022fd20d9865299500ce27a0bda8417ae084ba61e8ed6375cb789592280i0,40374,11,102.4,239
12,57988878450716410d8bc74ef3f603c343b9f27ee3a80a8cf0265318060b3473i0,17203,12,99.8,185
13,5369bfe32954972ef9fe450d31c1fa7c513580289a2a6963e4900bdaf4eaad25i0,39868,13,107.4,351
14,acdf2f605ecbcd807492c293edcba11c229e3c660b5023ef8e490e163cae643fi0,39872,14,97,141
15,2630c7931601e9d756bbddd905026d7a38cb9561fae55b83fb5aa8c8f442f300i0,40652,15,112.8,453
16,9754ee3fb28f10084388a028ad5efc9ff8389b6a14c1c10341bef3f51e814d93i0,40243,16,111.6,438
17,3bf22e9f14e19e014f2a6848cdac48962cfaad619520833e42fdd4633dfc3a69i0,16188,17,114.8,489
18,4119554afc1ed8efc5134573167e1adef8721c241323abc8cb252697969ec54di0,40037,18,94.43,116
19,86550bdc4d039b91dd514262d4386fc58ae83f37663394091ac1ac0cc0f2581di0,40292,19,83.2,33
20,e83badfee0040862b02bc081f77a77ea4c6fa0b58b4f58305cad73a0ded6350di0,17214,20,84,39
21,e7617d95d047a8c762a08cfa0d16ff0df8e3519bfb1cebaf9e2d3c42493ff0b1i0,39950,21,86.83,55
22,e50daf8345173aa40db225ba00439a4919297b5d9481fbd84fa8004c1010b770i0,40333,22,96,130
23,d0de3adc45957127ce8cae26aad6c5adab288a78d5c9fd4c4366fabe1ae576bai0,40765,23,111.4,432
24,bcf85ba2fcc483a0dafd7439891cc937d715b33c92061cdcbb534e33e9aeb5cbi0,16639,24,96.6,136
25,6d9522138b33cf5d2dead5ceef8d2fbf755ba1a0a83e1bbdbce0c9150aaa0ee5i0,40048,25,91.96,94
26,1cf378666f8295474329e47c7b92d7ecd28a41ed1e42bc9b301388eb436d2db3i0,16625,26,98.2,158
27,2b42d7af42384f073e67fa92fc9ec1f34b97c5012951a09ad909e598ad84cb71i0,40298,27,97.6,151
28,b2d024307bff3caf5004b65f252e5807ef37d9d26dd445d50d3b207b0c6a3384i0,39881,28,103,248
29,723cc76623228202033da4e3375e1ef68a63cb175f5aabae40c52477018dcd2bi0,40232,29,98.61,168
30,f730c123ef79deb5f64c2da36b69055d5de89af24fef7b79d2c579e2392dc1cai0,40784,30,119,526
31,715d6bf80ec8c686b174f2d79434adf021fa0c6972856079a668d4e3796cb75di0,40925,31,110,408
32,a6a9dab092865b2eec28788cd7cb46cccf7b921ba942ef3ea4d6dea1473a81a7i0,40663,32,111.2,427
33,9a36fb9be01b16b36038b58ec5932e62dbacebeeff373b92eb098d40af1793e7i0,40178,33,92,95
34,6dcf140bee5408fb97a6477be9d92309b4234a77802e42fbbb5a0a2ae920d958i0,40237,34,101.27,220
35,e9337c45770e36b0f986637b36c457eb95f66145aecb5f8aeed65bc71b2f3a88i0,40375,35,86.2,47
36,0f7c86360c3ac812a895d9f1e21477076ec014f2cdbcfac7aaeab2a9531df4dci0,39888,36,109.6,399
37,9da378e6ce4a6438d0d9da046a3e56416ee01c01d2f4470e2b2976ac26d4f0f1i0,40546,37,100,191
38,bcc249f965df29873c1119f143d722a02dac52a0916e718626c38e36db283e3di0,38960,38,77,16
39,717080f07cecb212e13217fb0c1f6bae19260aad8930f83c892e56467fa87a4fi0,39262,39,96,131
40,a455346d15c6eabe9012b4bbba7dbe14f50561b65dabdacc4768005dfa4b311bi0,17196,40,105,290
41,5a11cad11ae1ca1e7481fda6172749e4db2c0b3f72db361ddeff5adaa7faebfdi0,40051,41,113.05,460
42,3c639cf5792948f28d769cde57818e93eb9cc88dfa288faad9961e214c7aba3ci0,40518,42,116.4,510
43,78c3ee6936d9796ff0ef216259350b49f0342c3d59abd64eb6c7fd7bfbc2ef4ai0,38963,43,93.6,111
44,5c7511c9195935747c5ce01d12d09b0595b837851110b4d516064a3407c6f9eci0,40341,44,109.8,402
45,6873467bc1b5baf28562c3ca588ef1295de3cce51eb7e8cbcd1d51670786d8b4i0,39952,45,106.21,319
46,1301cb7fe69189c1aba2897992d5cbc5874ede2556e9d4fd8d81cf73336a7a20i0,40029,46,104.69,282
47,99d77b83aeb8c884293aed52d5766d3e0d6937933682f651bace743f19c3f2aai0,40928,47,113.2,463
48,3103c7d8057807fb158b54d3071503c6032e36b9a10a138572ae27263e952413i0,40780,48,91.39,87
49,fb3afb841f02e6dd9f057ac1a97fb3c241234106f11b402231a3db9c74e7b7e4i0,33598,49,82.4,31
50,0f062a461f6f2867bc39fafa1d482c09fe7e294d9907bda670da433b756cb344i0,39940,50,108.87,380
51,994d5c5077094988f4c6b125d157a5038841f7accd82b0b57d5c5491bf0b1776i0,17054,51,114.6,487
52,c82228818885c028d64c80b9ae9455521b349be8ab9ed745b86b85e1e5fb71cfi0,40047,52,110.6,421
53,8bf67a85668f71a10dc40e1d2ac53fdcfaf720df3868e480a28941c991e50a7fi0,17046,53,121.8,535
54,f305f9c53006e94cf5ca2730adfb9cc49f1c58cf1acdb7116761642c55fa0c55i0,40038,54,113.4,469
55,bfda6e189f104705e11cc9abe2af93587d1a0186d967a00b2ec1428f749b9446i0,40540,55,114.76,488
56,62863de5413eaf220aa30f4b8df2555376118136be24554207031e42c863875ei0,40296,56,108.8,377
57,ff354b0bfc0463c767611278fd48fa014d7ecc5162d157457fb691dc734193d2i0,17045,57,100.2,195
58,09eab3c6eaaf347b9d81963759bbbf7ef69b2edeebde194e54bf10a6c4514732i0,40162,58,116.4,511
59,22eb1dcdb1ba2cafdcc28c7960696ea3650ae3ae8fd9c5ed4223d787393e85fci0,16663,59,97.4,146
60,ee229d7b1c3e6f7d450b9c50719f53c21cb08459573489839afc86de345fdf4fi0,39263,60,115.9,506
61,e78c099f6b9ae3772976be274429e54c7722328ad708e4bb2ace56edccfb99c8i0,40531,61,98.2,159
62,9a8c349e581265cc96d82338c63418740d502c9c990cc3f446f6c2f20af03f5bi0,17291,62,103.8,262
63,b1b2da94aab22c1fa974cb57872db7240e1e31adca38346972df74371211ed18i0,40231,63,111.2,428
64,44f4a45599bf3dfdf5c0611a38cfa252dcc5f8932eeb13bbc19744e8a146d747i0,46065,64,83.8,37
65,7db4709e78fb6960f7e5b934bb0df73ada52defe03c42d9947c5a1fc6e45ff86i0,39266,65,95.4,123
66,160242d4c1424ed956ff2fd8d980dd5a3e5c700f5c8ba5248b4368f90358a656i0,39942,66,83.2,34
67,4875e22fc7ad26b98cb7c9c61c2ecd0eab1576419d0e264ca9be4365da4c44d4i0,46075,67,117.4,518
68,08d1cf294bc901de2fbf4c0403d7c099e7576f13dcb1ad98a9fb4a6946d8c080i0,39948,68,124.4,548
69,8b379ea4a965dd3f119de8fc56ec55039b4a712c76a65325ef925b1437072e73i0,40299,69,109,382
70,cc1749a2255a11baa0ea4759ec877ad0cb4bbac60755573e8f3ff12adde408b3i0,17043,70,119.2,528
71,95c836177d325f3e322b187fa468949cf997f66d3db43fd5878af179d1e0820di0,16620,71,106.2,316
72,bb16e3eb593e90fba7304d6dee5b116238319df7dfe77d8a48903c0e7be0789fi0,39273,72,81.8,26
73,b4cf5626ce1e460e2c109062a918711693b53f4cdea796a31e1317744d1cc8fai0,45632,73,105.45,304
74,17e1a3c992d2ecc9b7d4a668878cac34ffadef75611db6c8ef3d4d69ec12ac46i0,45682,74,105.64,308
75,143474260b4a88dcf880f2f90272341a3a908be34cd1d453d590df4ff4f7d5f9i0,40343,75,95.4,124
76,a6d9408d12f68db6bd8e817721c0e543b3a2cc4addd660d70e0762841d780d78i0,40661,76,109,383
77,499cb94c83644451efe6ca4a576a0559a034d18656e48a4bbe140db131b213efi0,37359,77,73.4,11
78,35c33bc53506eb8d18c12bc756048989786834a4124c67f03b3134e132c0e74fi0,40166,78,110.39,416
79,7a959cf88efd49106bb6e42ce25d69de4e5eca01fd9b331ef15e0c0b0e442b7ai0,45623,79,105.8,309
80,973c4666b07ab6446d78d044faa96d6828d9f793f57ccf240b4cdb71fc558ef1i0,45956,80,98.99,171
81,88194c2e84793fcd8543bc62a605976d964a727d5a92b9aca87385e78f9ad63ai0,40164,81,100.4,200
82,6502d3de80c7b2d9824ff6d7b18e042e0adf9ba037e3bf45eb74d2d29e21aa6ai0,38969,82,104.4,274
83,dd243287030163a2edd7b5706f7300872c473d1cb510cc4c8b8677433fc54ac1i0,39954,83,101.8,230
84,aee75f2497427a74b11055bb2d865b79d84026a655883cc8796ba64fa2e5962ei0,35733,84,102.2,234
85,d5513b5785ecee6a286128a3e77061f89db0bd4f9a6b3b8174bc971d9b0a0a3di0,40328,85,111.4,433
86,66365a79bab54035843aa6c8aefeadff8d3fa63034be8c4fde66d7d29b362db9i0,26080,86,115.8,503
87,3c05ca47cb066cbdf00b13cbc42eedc9423c83cd4682958539d36048f80ecb09i0,40117,87,96,132
88,e639117fe157a922f16502a75483520a5ea504566cdecf60fea8571ea44b8f77i0,39947,88,110,409
89,a4607278e53025412feeb05c8bbc2c976ad6cf726d691519fb06926f9edf6910i0,45615,89,94.24,115
90,d5a2f67a134abf491b52ce31473c9e116ffaa61e218d92fda419662c9ad01190i0,39159,90,115.8,504
91,70291b57e39950a38deeb3310bdf81373d56030a4dfd3e76e2016da666786008i0,45344,91,105.6,307
92,7c536d06a548032e001f5614ea3435852f54d904e1e2deb8595d41cc8fc3269ai0,40245,92,124,546
93,34d8bd84fe40b5980e41e64b82af5cde6d04daf875af81326300a3bb09250b28i0,39869,93,114.8,490
94,b73a9ac61a973915d5ad791c13a95dd94fb19c2813c0acf81c815c68137c5eb3i0,40173,94,100.89,208
95,74a3e3138e548ef9792e83cb390a459ebb52ea00b7785d05ab03fc0693425785i0,40240,95,105.07,294
96,50710909c9f1f67fd1d3b4fa7eb8bd0ed9b0dc7520985365e3e12e6008ed4c16i0,39608,96,109.8,403
97,4260a0e46d7c3ce450b3ffddd5fc36ee988cc4c175c91a50d98dbbac87b21ab5i0,45693,97,107.16,342
98,2a25dac50f9c3fcb8e000f0d51d11fef614ec392f12765e7263f8dc3a6c47dbbi0,40544,98,108.4,369
99,dcc3749306e136be426f2874376d9c83144d6fe6c159ef916611f4cea2809185i0,45688,99,114.57,484
100,a2a7b736abe50d7d07740d5d9cbb10c71568500b9a9c5eb066ca007c07ac92e7i0,45881,100,102.98,247
101,7ccc2c5c2256c9792025fc2f7141c048bc3f510c48f2ed044738b70de8eb9638i0,45945,101,100.2,196
102,cff2ddb8b26290b6201079cb8d3c7febccecd35e4d1f53aecce2f62bae422388i0,46072,102,92.8,100
103,895aea6d353a4b4401de3b0ed9e52962205687ea48c177701243980bc220dd57i0,45685,103,102.2,235
104,94875334656c864da4a02e29599892a0de3601f2bb6b32d401fb9b72845e372ei0,45747,104,105,291
105,deb7f32e0baf035bba1bff6f2e7d7f401d4f05a7054454e6f75213b785344173i0,39946,105,109.2,389
106,4badb4aa45842e648723ad21a7b0e392ead66210a6bad696472059d9b0103f99i0,45626,106,105.2,297
107,b3f29cf3d412c51c65e0280b033ce6c353dde3fcfa48687fe74b9e96e557ac3ei0,38086,107,109.6,400
108,55196973f3850a9fffd8e33ab7e856d80682a267e06783cd086da6874f028a1fi0,45617,108,89.68,76
109,7e55a64cc88b5efc281bfb42f7ddba256b9d1c259d86eec810df09af45fd715fi0,45474,109,109.82,407
110,82db541aa2976a3ba2c526251013f4c98a77921768632b743f3d50df8d1982f0i0,40768,110,90,78
111,3d75d1808ea86e1464f94aa4896ec6d7a3fa66b2f674d84133c5d236ac190887i0,41051,111,106,311
112,00a18af0e96ecdd5e65fd0bd02fdbab0f73a04d257a337276dabbce9ba042346i0,40036,112,95.8,129
113,96a17b85fbdcc8ab5d504da4a734dd60bf26f3ca0cd8a950620b7e084c43c79bi0,45754,113,106.4,324
114,022e326e4f8be4867f9f0d567da7809aa688d5af747f8e64f104a40c83cf7c51i0,39875,114,89,71
115,49eee9aff7b7e25d3747e7f481767fda89347590c0839b55aaa9e511bb3b74f1i0,45424,115,119.2,529
116,767f87d07ea340499c2f0aa0d7ef31ebd7977cd9566e25260da0df37c71ece8bi0,45625,116,109.44,397
117,80028e2b2f7e29096a6af6d572041fb5413bf0e3af2169afa9b73cf2c6404ee2i0,37961,117,83.6,35
118,fbe54daaa60e7bf0192ae4905a22ae705b85694a6bc5b9d5b80e7ad26d843673i0,45622,118,106.6,333
119,37e20c2f7e3c79c334e329d22363b54ce299d8588be0218c61283d6e2b97159di0,45755,119,108.11,366
120,02ac1207f3bded1e7c90a4d870562a33839b6991b3bb876f48ac40e977e353cei0,40045,120,102,233
121,7ce25544766e011b5d3798938fb14388d577f23601e93ef579faad6968ac151ei0,39149,121,105.2,298
122,036eefd35a33befdef6077aaa45fda3f8a75428a672ad23a6fd2b332c17b6653i0,45947,122,105,292
123,cfb1c153f22d2f6f970a5fdf91098ba2b953643d74d75d6f76b7530471eaf122i0,39150,123,101.2,215
124,8badaf36a56217768a18a9e2deb775fdb1c70e6990ab03f34461768eb3512c8ci0,40522,124,116.4,512
125,943f19c89fbcab0ff9bb8b33a4a36a8884cda11f5943ef7d238333d95f820fa6i0,39161,125,91.77,90
126,304afe9229c0c825b0ba589985fcc936ac170ff0496c3776845e026f1146b0bci0,25876,126,97.4,147
127,a0c2bed6b707a9882d4f2dd56020d3d827ebe8276f58e103d37ff7cc3cc4461ai0,40157,127,114.8,491
128,17085cf320e65c014a182624a93b2d95102ce58c505f88c29b37f1229fec3529i0,39936,128,107.6,356
129,0e0f36b61af79c3bf56cf000d77c91aa7f2a4ddb1251149c26db1df9c0f7f938i0,39938,129,87.21,56
130,c5117c4a59ad7d68b2d49682bbb3505d891b1b6e59de5d23af2688480449455ai0,40331,130,110,410
131,559bfb6d9882ec41f48254299608ff0bebea9eb78ced58587dbf82f0b5e83c8di0,40242,131,116,507
132,61b15a46fa84ff890bb74cfb35a95fc97347ddcef6d0d19179d65b6557b8ebb2i0,40248,132,124.6,550
133,cb8818b467bd082e5277330f489f7a1a5e9221191d72bbdf7bea523dce1dabbei0,40250,133,108.4,370
134,b44d130b835c7b45ba3391bbda1e88af42e6283ab181e4fc088fe80f988ce729i0,40527,134,109.4,396
135,c2930ce0dbc31fd931b0ce50932f5857412595a790f8537a8380ab72c2be160ai0,45867,135,95.57,126
136,508e6811231535633fa7e261d94e6659e0b943774b0669ba04d0d760a5ee318di0,45384,136,109.2,390
137,433279b7716e62be3a2406b21035e81a7899bf3144315e2e4e5a9052478f0692i0,45261,137,107.73,357
138,8689da4f119fadf11f7ead0fa13d57ba138e402b171d8922b9c820a6965d5c77i0,37594,138,87.4,57
139,c3458450ae8f4fbdc7de5ebb2689354ded75031de9e0cf74366f6711b79a6a2fi0,39870,139,106.8,337
140,0674084f812b4dbdcb6409884362c2907c6ffe7ca21984d5d8f6951b9bd5088ci0,45481,140,100.4,201
141,a5f36a3125779fbc207cee0cf1c29f9560644dffcdd380068c14706e17aea56bi0,34968,141,102.2,236
142,db1fff09dac42b0bc82fe44f93564ce4d65a204581b3a86609c6cb7565a311d2i0,39620,142,123.6,544
143,f2ff484366d30127e534349ecdd14276d10be3efb34a36c1a98e54c716443d4di0,39611,143,102.8,244
144,5bfd3483374c7d2bda318c4994e50c7f1c0f3f07a1792fd6b6588b1e85ee0caai0,45757,144,104.6,276
145,940c88ec9a1316fc6e89e592738ffb0690ea85605b55a20ebccbf4da03131f12i0,45869,145,102.4,240
146,66a71e816b84dc0a6ab79a800c6e91ea65f6cad65c242f820ff943a915e516bai0,45402,146,115.8,505
147,a3836b5fee9e0210bfff22c9ffd3f136e7fe6cb2177a6cdfbecf2da9c616502bi0,40122,147,103.8,263
148,15bfb0291648b9346a445379bbf7773d5b5555f0d7a8514dcefe54a4ed6a7123i0,45346,148,98.61,169
149,15b2254e9c6af70183c52a3d01338581fe8f47ed1dfbc4996471450735a1e4eci0,45698,149,100.6,202
150,52f8bd1ad16f68eeb8ae9b4bfcddaceeb91074a11e0c0109d294f9257ccef3e5i0,39282,150,108,365
151,3f7649a3cb870bd7cc2afd0311f22ecc21ae806db95c50c9b3ffbf45f32bda89i0,45690,151,108.8,378
152,72e229e7efca2c3000680bae6c534b6912733ee8fe68adaa9cdd7f2a2874a218i0,45257,152,103.6,258
153,1fdca99de6ab158cd376875d8f710578a6bc1032bcb621e6a044c3610cdd086ai0,45620,153,93.4,107
154,ac9cb1a742d421df428d304817cf960de9832776d796fc24c9acf542eb7698e7i0,39623,154,119.6,531
155,5e2dcebd3462337210c91ecd7831571ea995004263847e248055d2049fb8fb75i0,40239,155,94.62,120
156,e8ac3cbc681c46295e787001b505e646b44e8faa348ea632d24227d0ed25fc65i0,40529,156,102.8,245
157,7d6422829dfbf6e0aa4451b60d04a4b42db6d8b2e833b4e4edccf208a1c89c1di0,40028,157,86.2,48
158,92ce1e214f0c8848eedd229dfc3fd3ac8528af5eb3450d5e6384110a127e0a33i0,39260,158,95.2,122
159,d6911275e5da3467ede73c57d1d5849e5988c92aedc74484d9b631c4a62a8bf7i0,45699,159,111.6,439
160,d9d11475f12bc0b2730e04104ec5776b8aa49eba0db68681e08f836719891c5ci0,40763,160,105.45,305
161,619d6c9388bb801a5ed9711065edd043a77a8a012f59218ae411f65185876d44i0,45618,161,110,411
162,1af312e94e193d1718f28307f7573216d43783205fb98f3c3847e7603d2643e7i0,40715,162,88.73,65
163,addd2359c35ae982f1a2b4844f2934c2bcd1b6cee7f8582da6ca3bfb6826e2bdi0,26589,163,103.8,264
164,120953047ef55e41e9e8567b87eaa8782f0a171d40657c8f4e8c1aebda7955dbi0,37959,164,117.4,519
165,12b9c495b80d3914dd17a435c758bc178f011422810c84af2811b6e72f029914i0,40654,165,113.62,473
166,f4ac4bd3ebe645eeab785adf3393e05be1e93d03e94a1e0e52f5d9549cf3f7c6i0,17352,166,107.2,345
167,b628a192abc346c999262c0e082620c115f40f533780b8190b8f6a0cbf1c60e6i0,35795,167,73.4,12
168,f2a8631dac0f394a636875c99ada56badd0ce0fedcda48c0c505da2725be23abi0,45264,168,86.4,50
169,ed4f926235c3218d750cbf1dcf0794273f97c4a6c643695b1a5d63fa769fae86i0,16623,169,106.8,338
170,e87d5c8aff13c6737c4bb5d684367776e9b286b4deddc567c172ab7162a7f158i0,40519,170,116.4,513
171,11887b437eaadc8ccafbc05515dedd8030b562a67fbfd584bdedd7f8361ef432i0,40713,171,91.4,88
172,a6ed559de299f5e3dcfb4974404fcbdc6ca696862c41edf036bd25b61045e9bdi0,39279,172,92.91,101
173,79cc99dc3b2561a0c764eabdb69c9069186ba49d617920c542061e3585834986i0,39157,173,113.2,464
174,4ef64d3d5ec7eaaba56fe986082115e632380c47cadf91b8cff4c7e4cd2ea3eci0,40145,174,101,209
175,f005e24b0d7b8a40c2ee9660a48c12500e9101ba8b7cb718e658ece2edaf14c0i0,38979,175,87.4,58
176,edb483b9c38120e94cfdc0120ddff93c2dacccddaabb39c49a306589e8002066i0,45948,176,100.6,203
177,0d2d8540908efed750c587da9dad1728e3e5b140864cead5f5cad96eb210b54ci0,17039,177,125.8,553
178,8da342e2dc988c0dade90ec9dcb2f107395c5ca02529d2d4a1dc7c48f6aa9b49i0,17127,178,115.2,496
179,e128de5cdf3696ab57678cf228905acb624f1304ad916324155e2c33b36c52b7i0,40929,179,116.4,514
180,7278b1dfdeaa2bf53ce99f1848730b45d1026f014be44195a6339dfe7dd1fd1fi0,35630,180,68.2,10
181,872b90606316b2bed957978e334d254f43d994000e4d6ed27ea6de7909c5496di0,40039,181,103,249
182,375b3744a4f2a4feb7aff7a3ff44b7328243ea6188b3c07cbe9ff29c8ea0ddf0i0,40303,182,104.2,267
183,42ccb19161945b64ce387d9ccd39df70bd1055707f331009b3b100ee4ca808f6i0,35183,183,88.8,66
184,9924a4fa16cf14ac663cf6b94413586800e1378350d7b360889a2fcaefd0762bi0,39151,184,101.84,232
185,794b4e369dc67e9ec10c01264195dd7929bd869dfa51c42e9e667451d2aed99di0,39272,185,109.44,398
186,05e18bf1deeab03a9cbd11ea8b37783ff1f4f90ca0eca39758a01679666e49f2i0,46161,186,93.4,108
187,a182ad731972b04176214a730ec99be94bf21fad1822771b10dba6817fa950aai0,40247,187,99.56,178
188,b5c6a05281b9873a1a58fc895aec8a9b37acff412a0ef1adea73b6de51d35c6ci0,17041,188,116,508
189,544b4fc154ae00e7ee2e9c6c60c90c6a2be1eaa8b0aa2cc4911b73bb6ba28c68i0,45871,189,98.4,165
190,2aeaf54d4129c3cca61e4116fe2154bb97c769e4adf3c925fcaa7976b25b209ai0,45483,190,106.4,325
191,13d24509ee98f34c17b6184e95b6c031eb7e265d39df2b06a32cfa0b548b45d6i0,35794,191,106.6,334
192,ddc2af32d93c19da9083f8226f9b273c009297636f24c3475c591c2d964082cfi0,38611,192,107.16,343
193,8f9e8626d4d31f06fc3eb6632de563bdef7a928afd379b215b10c305caa9e787i0,40300,193,105.4,301
194,f026f6c236f2680c672291c1cb44cbfed77103f6ef4907e00093c71b5386e966i0,39155,194,109.2,391
195,362d0742d3c18b8e01791aacd838e53f7f07aa75de356b02a88e828d8e85d815i0,45870,195,111.2,429
196,f0dac43d0851322821bfd7169afc25da8ac0014220cebf06e76a34d725d9cacai0,45694,196,98.61,170
197,f7543b3cacb4a759e0e150d0bf88999105a389cd162b02c18da417231a963ba4i0,39275,197,92.6,97
198,c7850e1f84fee87a9da9af27491db7352951fbaa84e5fce54413a94421dc042bi0,38957,198,104.2,268
199,c07fff8d8fab184c74d1990c71a7537b96cc3d7cda62ad3cc10e546ea3c26bcai0,40545,199,113.4,470
200,d0c1050d408cbf2e225922d6e1e8542e92716fdd402cc0c9ab61e8a87ae02741i0,45473,200,85.8,45
201,3660252260b55c11013591d916d0378da94a3f56540930ae753f76bdd5e9006fi0,45476,201,121.8,536
202,3b93bedfb786b43bc8ba1cba06bb6ddf5eebbe98ee4e5d0f3133922c3682e892i0,46156,202,93.48,110
203,4fd205021f564602eb0e554ff9cf2cf0a183e1eaa800e9f17ccbc04867f53a42i0,40165,203,108.8,379
204,267ce05e725877753b900c0ed7ffdf09a8af307ae77e6620947de21e40e73623i0,38956,204,106.97,340
205,c25d69fb68e571bd8d89b8ec4a33f76fefbe4912c64b1d3be8b7c905ca7f40b5i0,40523,205,106.6,335
206,302ce7eeabfb3a56c847d296658ec44f88f54339e36052196da60986d5f35ca6i0,45756,206,110.58,419
207,338e718681babb2458d95a818b25b1bbecec527ba1964aa564ea728ce8de4887i0,40168,207,124.4,549
208,1aa2132629e38fcf66d787d27d28df50b2498510a71ca9c3a7d8d24975276b11i0,40119,208,97.47,150
209,82912bba5344253477d33b20b7283344f31a70dd1994ec146a1ca2760973ff6bi0,40132,209,105.26,300
210,40ace398f0777dd1b931d99b9b86d45a98932be09966edf0ae4a3998fa5de1cfi0,45695,210,93.4,109
211,82cd8acb8a687acb6a8890cf1766dbabaa7d16788fa308a678ca323c2146d86ei0,45621,211,109.8,404
212,2c1d2c955a7b0f13d3e0addb462fe7dc2ea0c19aff07c304abb53e9166c81255i0,39612,212,109.63,401
213,a742a75dbe287e34992e4ab32882438d65129bbb3e84f940985844051a0dd0dbi0,45416,213,107.73,358
214,1c8b20a6d2aa9989dd7eed0ae7e0acaa96664a5484f2941558131a93492fc0cei0,39619,214,114.38,479
215,2ceb9916eae3232b8e86f5ebe44338b594577f923014e650e9247d2ef2eb6e0fi0,40539,215,81,22
216,11f4c192a903002cf81219f41cdd2a7a35852adabb488cb958f49727e9008e55i0,45750,216,107.8,360
217,b9a490c24b7f176f19baf7b180cf78ce2f67de9c6b09c5d01e44f2ca38fcd5afi0,40040,217,89.8,77
218,26efbb297903924397dcc2074bcf39ce973685b0ff07fd205863cd659fe9a821i0,39935,218,111.4,434
219,d919e0617ce850c9351fd615419fdaf6dedfde6fa316f109b12a11f74104f1b9i0,39277,219,114.57,485
220,7a86596e16fed72370e0c12b9a503771a9823edcb3d814401f906ba0ba6fdf85i0,40135,220,85.5,44
221,341cc21d35a74b3d9a0a0a1b53e9091158071974e7d011d79ab9714820253156i0,45348,221,111.8,442
222,500d923d76507222ef7ab73cf2f3fdc9bae218065bb38f61bdfcbc3a8148bdc2i0,18110,222,116.6,516
223,270f458a3465489ecf04052e47865c3cc2c126b52a77bb476a7dfe8ab3599625i0,40158,223,106.4,326
224,c1d77f23390f9c6b24f4a3b799455ceb114bad438ded0d42215f1a90151c5594i0,40376,224,110,412
225,4d3dcb1bb623d87faf64071beb19dba1cac8ab818883e7a69af67b5baf328ba2i0,46157,225,99.18,173
226,bbdfbe4d65fba6fb69b5440695dd384757b03b4e097f1770d274b4ace9a5a52ci0,35784,226,108.2,368
227,5bc1246f0b53755fcc160a88678d4c2a4ce81d2242da091bf00bf0e0b5181874i0,46070,227,97.8,155
228,bf7f7ba17da0ca78524e25bea4130a92a57aa2d5668cdc70913ae1b52fcb42cdi0,40714,228,88.8,67
229,b387fad24b113f6eac34d382927b974dc1d706fda1653474cfc6dcde45114c3fi0,39261,229,105.07,295
230,758d928fdf2a6c33df897ba896d08ff18b792f7c60e2512d81d44e5796ea50dfi0,38982,230,107.4,352
231,47029e5d6e4a4d043e9e8322b376f55ab7a1e81601342f652670f581f1054b76i0,35567,231,121.4,534
232,6f024169a62fcd41026c9745e3ae43c654ee4a9990fee3ec083ac2b2039154d0i0,45412,232,106.6,336
233,41d0054c1b355adffd16a631bbfe8af9e0e059a77880ee37e21c007092d0d383i0,40134,233,82,28
234,0e1a290b2988226c050a234123b08b25452870eda9dfca9e900926de3e93fc8ei0,39158,234,114.95,493
235,454410e020b4296efe8f1889813166ffc8b0f1440f4137b3bc676685576cbf68i0,40332,235,114.38,480
236,c7f61bb57c6b8176dd490625e019e084974186e63b38180afa3bf82c57fa1c5ai0,40129,236,101.6,227
237,cdf8a8caca0c5988f216273d398f945918110cfbf9950bddfad7fc09d34eaa69i0,39613,237,98.99,172
238,408f9b58012af03b5f57a9e1fddfa3181d7661717cae3b69adf54bac9147c288i0,45479,238,99.94,188
239,f1bf17b3c762980f0f47c18388ac3852647a9be744db54fd761d1faf079542e6i0,45418,239,113.2,465
240,92582a3c37b97953fee9654c96167b1d4b47d4986c5e8de22d04772f3b00aa3ei0,38961,240,125.78,552
241,41a1d4386a0eba7b8c6df702a30f379fba2c2db3c2d9b693da31af8c5303e2dfi0,45955,241,100,192
242,87f5e08d7c1078531f7f7bd33235b362f415b256e41beeda02cc4455eb7367a5i0,38972,242,80.2,19
243,781a9060234d31eac387d46720e3c254ae06d7baf77113f24b173c8dfadb297bi0,39457,243,112.4,449
244,a488cb674221f3dacbf41a7d270345e47931c1615790710e4b28ab7bfe836b07i0,38954,244,107.92,364
245,980153d7a2e45fc35c04732bc5dc823dc991e2189016f2dd7dd092725784f61ai0,17049,245,101.4,222
246,b0ad1531936333ff55e10d8b7926864456424be456841853be497865b7affc4ai0,38964,246,108.6,373
247,a8f213bb3b685590f1c4e5c3cc8ae181e9c188bbcfef1d8b1de4d6bd9651138ei0,45875,247,113.2,466
248,3ddcc583ecf01b4df516cd554f9ff36cc18e7b055582f058a6d97c0c86581eb7i0,39886,248,101.8,231
249,df89231dfd450af214d7421f9283b78f82ad7b3db4078e21132e5e2144b3e373i0,45873,249,84.17,40
250,e5289fd3cadb22f265ec7ba86c68db63d68f28023500a1834624c30449a89732i0,45748,250,107.35,350
251,3dafe9f7270bd58d471044aabda02c7e5d17d3a17307b2891491be01c61d1b28i0,40031,251,114.38,481
252,c4a1841513b66a6e51e443d57f7ff25dcad64ff309356622826390bcf00d71d9i0,39956,252,104.8,285
253,a1d7cd4d31f8d859d2a72f0e6a84c4d1d28deff06b8a876d2be6cd26f7192087i0,46154,253,94.2,113
254,95e3a8d119621c41b284dc355b3f2af98b403b2f4cbe73be89389b807358a91ei0,39866,254,100.6,204
255,c7b38be52dd3e985b6c658fcbd84dc7954d04c8bbedae66e6d9d4a6df2b0023bi0,38959,255,117.8,524
256,30fb0789cc6015bae609f33f959a7bf3503f4bcbfa8a47db2c7398f208af49a6i0,40172,256,109.2,392
257,02252ecfff3d0f061a48500170c88fb797b4789ee413cca25dab5740ae88db7di0,45477,257,80.6,21
258,eaa34f6cc94f79ddb5e0b42da2e377be52abaee1956f7d64e20f4e89776a4a7di0,45950,258,117.4,520
259,3a92fd1958ad3cd2179a30d66565cc1be3581f8c6c1e29e38a7af55c689303e6i0,39622,259,99.6,179
260,3248d09c0e94e0be34a8c20e383c78472119d85b80b1d51edd56e1b0c64dcec7i0,40302,260,105.4,302
261,1f53356d3ee666fb1c543867d2d731485ee29461bcf30eaf56ca4544fea956cdi0,39280,261,89.2,73
262,60f904e23352fcefb89f92be08258e210ac6e723c72df73ec9d88e3d3eec6474i0,40238,262,91.8,91
263,d8cac6506de42688b8f6401390b55c8941e2591cd17b2d806cab81412ca867d0i0,40142,263,88.8,68
264,0b4d88094476cb581f057881825fb603a714088a72e626d2527bcfec6651d011i0,45745,264,115.6,502
265,c8469082a5259f29d929e952462cae01cbe9feaea7838d7479ba148f18f711e8i0,40049,265,92.6,98
266,28895bfd2d9e4ae547dc5b400734a25e539d49f7550b5dd542c397ba5f9617fci0,17526,266,99.8,186
267,af01a6ea8885cc8213860b74d8f2674aa304b5609bea2f7fa5d680732476da59i0,39264,267,104.2,269
268,b037bff0e2ed502a99eea18224fc8a9fe64e513bde5e4239609da7a13981c055i0,20555,268,107.2,346
269,fda0446ec8b93f90733d4e830be2fa0269868f649540d3a9770fac05638009e1i0,17207,269,108.6,374
270,1590c50bb72350d46c030ddccaf52e786dba8f7f7529b791e555b9fcdc5bf73ci0,35786,270,103.4,254
271,69d7f87626c738f50477d75e671ee68b37ab08d37cf03ddef85e47fbba41ff88i0,45689,271,97.2,144
272,ce45be5f99eb7e7846d1376d3b98aedb1e47fc7c2cd49d8b077a3f754a060980i0,45624,272,112.8,454
273,05ea969a5e85271be96cc18f87894d5d694e74336994a6d9adc12b8e8da76e89i0,39949,273,111.6,440
274,8e09d25fb6db8c29b2a016e45c7ca45c737e441ae7ac2fd0198af1a861bdab4fi0,45260,274,113.2,467
275,4132ca15f3efb0fad94432b1fedb2815a11e5e30bcc0ab4dd61df8414d2251bai0,38976,275,81.2,23
276,0130647e504c418a35c544d57249a68bb03acf1c5b1a18a0f698e5b0ead7b88di0,35790,276,81.8,27
277,c81ef9b081f3fc5933c8d8355a0e43ed5329e63c3bf5a61b4cc8c48317482cf8i0,39283,277,122.6,538
278,d057dba5ee3cf8ed838d74deeac0b5d29c3b6706184b973a4b750d0e35d8cfefi0,35530,278,110,413
279,69703bb0e9ff4b11b7df136ea970c0f9e66881d54a65fcce145554b8bec34df9i0,35917,279,102.2,237
280,d1805cf18dd1ac64ee970844d6a817ec4378cb20a87ef094bd0218b7513b4b2ci0,40123,280,107.4,353
281,b6ca383d7a49f02917c411cc49a177300f177bfdcab0781ae54372ebf621dccci0,35735,281,106.4,327
282,d807fbdb8eefe265527106727a11cb043958d8bb8732c9185b34f5c0321447a0i0,40246,282,101.2,216
283,37379ac886a96d3f2eed8c22c047bfdec58643d420fa0063b6212014e7fee29ai0,45388,283,112.6,452
284,b31953e6cf9b29dc4e21c94a9f7e0421e7e4a23f19d319b1ced2f3bbf08a3a58i0,39154,284,126.4,554
285,0c9d6843b19f30b4804e6beafe9cbd3241e0b96c21addf6d36a3188f5f965fe4i0,45697,285,106.2,317
286,8bdf6365ce7ebe4c997a3adfe85b2e7abca44b74484f0852c79b4e5c4ba08350i0,35787,286,102.4,241
287,22b3d66d789bbb139c3a613db93738a62c6d2038fcf810fb8b33745a13ca86aci0,40664,287,103.8,265
288,232ec41221e144f19686d5f6293d673856486b82e574932746ca396a4d73efdci0,39281,288,106.4,328
289,22a49bee727443b98e8c119d0a5202fc5628e16ce580c358dd56ed0f41eed698i0,35791,289,83,32
290,6b613827cfa770cfa7409034012c35ba56d63a079cd6f3a2b461525af74f8f47i0,39941,290,107.4,354
291,e2af39962f8bddd15b0aa319bc6fe804c8ad5dc817d8ddd04185dee71d5c7e8ai0,45952,291,104.2,270
292,7c411b8a2c20f20aa31a345ce88fe423b140921d02f83ab0e12cd0500d131a5ci0,39877,292,112,445
293,bf6b1c3133b7be267652a4692938b5064e4f429949419883075b6585f4f0a7f6i0,40180,293,93.2,103
294,40edb980a6b6bf50c6ecd82328e867c42a3f70fd31c322099ab64f8121cc10a6i0,35914,294,65.8,9
295,6b8b1b1ecafae550feb8590d4da0e377b7fe787e707134b13b59ae8f835c84edi0,17125,295,120.2,532
296,276c53f0803dd4db3e6d09f4ed5acfaf63cd046afd33687d1f6df9df2e0cda27i0,45746,296,111.2,430
297,a6c72852857c00e8b951fa9ff40f9cda3857a193a5f99db6aea2b1b90d37e45fi0,37956,297,114,477
298,dc303143e2bed9713de4567e4a541e7cddcabe0a75d9995fa780e50ba9aab061i0,45355,298,83.8,38
299,cd0010384553e19e285b738b3240f27142337bcced2534cdf002109de8ea653ei0,40295,299,108.87,381
300,1ce9fbdf2f756147af4f3791442f15aa8b1d5a6e031a90ca66e922c7fbdc7b63i0,38967,300,108.6,375
301,758a8d8194034e37371eb8ab9c816ededda97036e5ab7cfb22957116bd43d542i0,16186,301,114.4,482
302,b805ecab5edb1e2d957718fde426bec9d7ab0e43cf090e6e782f293a27614099i0,39618,302,93.29,106
303,668ea337a29f00df5708ec2dab8b29bdf6d669c38c46ab3890ffd51bcffc7aafi0,18661,303,122.4,537
304,b2431fe8d1a85309cc77672fdc980ceb3513067a1e4b002a8cd5d81ce12fd18ai0,35789,304,105.2,299
305,866fe996c9685b46ccf680db0580b46e4c930759408a6152935d257ecc0e8bb4i0,40249,305,82.2,29
306,d5108a7e9c619616ff39eca3df3533d8eca5835ba4cc2ddb05b36b05eadae9e2i0,45630,306,113.05,461
307,ebb4f1d69a557897a51ae99e5b0d6f5b35fa6c02fa4aa910099557fcb1a1ea80i0,39156,307,108.49,372
308,54f75b41f4b9decdcfaea80d47b184dca6a06eeecee04bd7b38e79e5b878d8b5i0,39953,308,107.2,347
309,b90f75977006a1a8d14572ea05914f5c41807679bbb17e90286ad65bb7fe8afei0,37223,309,97.6,152
310,c723dbbee0fa21afe09514b7bc5d0041995222ac74b1b744c33bd4e3733923f1i0,39167,310,109.8,405
311,80c7cfee6cdfe6567e156884f8a60eedb3b09bac2cd1180e1f7c3bab0d32f46ei0,39944,311,95.76,127
312,70a74483537db27b2357acf86c186b3430af7cd1c956eb0fe24925448e573049i0,45749,312,97.2,145
313,cb31bb6e11c95f9b18f42093bb2af368a4a9c67d22cf9f2aed473689f5caaaadi0,41052,313,100.13,194
314,ba2bae0738acfd9590b8cf5840324048c089b6d068f61f10f3bc50e0e03ae150i0,39153,314,112.8,455
315,1facee6560ffff0559daad1b7fadcc4de18f7a29ed12b0c5626502027cda7e8ei0,46155,315,101.2,217
316,f504d97672aed73e194c1b0444dfa5baab6e3a7e9c044d1be6181c703d4f7125i0,40656,316,108.11,367
317,3239fd66b6762eaae92f88ecd9a7b8be5cc65de28b56ef5331f55697266d0b36i0,40163,317,96.71,139
318,72568f42c2f09b32a22c42e7c64dde682b232b7072bb3fcb9aab7037e9646041i0,40034,318,104.6,277
319,7c9e6dd01dbd4893da5a6eb5756eb850a3b4abfe444b77047bf270218fb55057i0,40330,319,114.57,486
320,45d0e9b580f48d462ebd415b2f6bac1fbe65e6e000670efc9b08a9e3ebac9587i0,40335,320,104.6,278
321,5a4c6c96b9c34df996843a4862558e0aeaf7b106a5616b2afc6d30333a53acfdi0,37797,321,122.6,539
322,7d8c96947229173f42af14c3478c6f3ee2c549da3469196a25ec997251540dd5i0,45414,322,87.8,61
323,5ed04cd5ad54177123787962728bf6f3ebe0b07328886f4ce07d7f2513310ca0i0,39274,323,101,210
324,3cfbb3a7cc776d7aaad36e95c8fd7312cd92605482801227fe44ec5d7c9e5731i0,39937,324,113,458
325,16d060c6cddb1e0ab1da1b16cf8e645509e86ae7e330b766a5cf3a15bc2ac6f9i0,39171,325,117.6,522
326,cccab2431300cc34487cd8fa911fb86b27bf63f678c2109023e7f9c59d846ac5i0,40139,326,106.21,320
327,fc7be0ce53b10fdc2935a14da4ae65f673bd5d67377fc98c3714aba14110b134i0,40033,327,91.2,86
328,e0a9374ff68d583a7b11c1c9651cbcf4f7850a9db0ae267965a8b4d6420e2a9ei0,45692,328,109,384
329,9988f244b5a4a6c88d7605d6e08015e792296aabfe614be151e39d70936206b2i0,46158,329,119.13,527
330,17a90109d77e54e4ab58820a3d8cfba410c1021d13f1dde34be10800b41b0dc1i0,40138,330,101.46,225
331,75e054872f1e258215a6dffe02b5686c8ec966c63cc179193df8900cc62efaaci0,18348,331,109.2,393
332,e2b7b6e4e1cb9bfa360e9fa37798da5cf7e10c8600f938c3f20e0b5debea11d3i0,45486,332,95.4,125
333,2a00b4625f234b16da59a314a2af99ac58691a9f65d0949869a69d17a4e3bff2i0,39170,333,120.2,533
334,489bd1c00d9fba99c36348814d116461f81880b813dd445d5eb19d7f024c530fi0,39865,334,97.66,153
335,ad2083a4bc3762765d0795edcd4f870943dc94d84f7495a7ec0c18b6dc8804d6i0,40533,335,104.6,279
336,90917a23c8f1182a142a07be51917dc29faf231ac430a3b6d75c97744415cbc4i0,40044,336,105.07,296
337,bc78f73271b914393186fcf4682fd1208cb2354e53c41dc6157351a5d1f610b9i0,37804,337,94,112
338,f5ab630fb4ee1c4dcc536044c374614260253d21f88f9290a1c7ca5e4e985843i0,40035,338,89,72
339,28fdbb7bf33a2874d4239c20debee09ada61d94f3ce94068007363f9c29f77fdi0,34656,339,87.4,59
340,906d2229f6468a0659e42a9060861755e9b51b77c17b64f604a6975abbe47dc9i0,45953,340,115.4,497
341,aa271d8dd86ecec18e0fd2364f52fb1456fae3962f4d54db7307bb40d986caf0i0,35796,341,117.6,523
342,5fa88d751e7c72f808d1217fd385d52e046956666f3748c1c848e5f570634bdci0,45629,342,111.72,441
343,dbec9c91dd32e0fb1d188aa9793fa5b91db055b78e06cd8b229fee793157c0a1i0,39884,343,86,46
344,b667117cf04a805dd1f9a12edb4e27887729c7b7cfe7a779e9f71d61fe335c94i0,37577,344,104,266
345,d88401bdcfa9ae301f86e89d5c1aa726c4f5cc08d000c776815a190ad53fbfe2i0,39621,345,112,446
346,56ab6a968567e8d8235f10ac2327675d577782a031d8af993b86039585f0e785i0,40662,346,109.06,388
347,59eec447bc0e1b0ea46976f26efaff850ae0cc7d7ade38a5db7d3a42366dd62ai0,35354,347,85,42
348,6927aaa75630f487ddd76666ba9f4302638aaa268ffa4b2f0d2d407a5e209821i0,33860,348,97.4,148
349,9e1f7f279aaa1cd3e975979a6bd0279f3ace1c965b8fa4abd4e0b7ee7ba317cei0,40253,349,100.2,197
350,fccdccba1ea395f20a2564b113f2aabde9b4b001740a2f28a60274a73c542ff2i0,39169,350,102.4,242
351,e6c8450853d807c8b7e4af2c5458b1a18ade8a8b8948afebede39b4951440a2ci0,40160,351,88.92,70
352,1d52e692a345ca7cd9c962f15c073e5810443f0836a1f40bfc37d78679ee779bi0,45753,352,98.2,160
353,764828878466129b06ba2121e981154ede9d8acaa4b771ff5282f4a492edcaf0i0,38984,353,75.2,13
354,6752aa49c7fedb2b5f6c763b291ad1a8ab8e4e3d3f06e6c3bbc91166f9f2c54di0,40528,354,102.8,246
355,bb4278dd56f849313125eb64a610cb66565fe277195ef25e08c1738363e3318ci0,25860,355,109,385
356,a403f249ca1b2a302b4ddfb929f94244c0da6935f1a5014a6b6e2b49383146e4i0,46076,356,101.4,223
357,06e4e16db15ee1f1c9eb01884deea476536b18c83edb5a0f50f095cec055073ai0,40125,357,112,447
358,bc5ae39926ab499254849b87ff6405033dcf42e596033e3af80f031d08a468cfi0,40254,358,97,142
359,f454cb794f4fe9130a98b46718c287e9a3ac2fdc3f84f0ef5b0279fc6065ac26i0,40159,359,104.8,286
360,4c9aba520f19f876d6be20057491ccbd89bd559c6a1fbf60c9868600332898aai0,35792,360,82.2,30
361,24d6a5160b3b481c58b32b1a8fa0d77a6e2e046a4ef161c056e6760ce0ee56bci0,40043,361,126.4,555
362,1a3d8380b3e2523a72d3b78f65db098024f36df472aead4332c0d0329e6b74d7i0,40340,362,104.2,271
363,1f8941116871b1e924039f146ab1af96dc003937cb4545469e5425714d02bed4i0,45758,363,102.2,238
364,2a06f02d5de1951edb240b6e0bf0f29bc8b21a79db8e3fc45e8e9ce4fc95de5ai0,45350,364,100.6,205
365,fb66b35e5726df1f69c84db0ee21b61d72923612bfcc961bc19c1d6df24ebd99i0,39269,365,105,293
366,4a6fbd1b1eaf3a987d16fec3559d4067d919846f41cd6f30779d6264ea96c854i0,45684,366,96.33,135
367,23eef68070e2bb33db1459cf2b32bb4e4cd6c577a70f24b1f2e2120e31fba3d4i0,39165,367,106,312
368,5c3fd5bde984604e1cd97d6143748f6d028e22e7a71ae88d3d200dad7f55d90ai0,37167,368,90.4,80
369,4870a91208284e06d4c9ee42079a3cdf693599bcb1baa2c763e08948c0fde64ci0,40234,369,100.8,207
370,f2fcf75a8096b5958d129c71855fc8493f40c81ebb15a23fd85d7996c08fd7cai0,40532,370,89.3,74
371,f493aa8c5d7ef0425a93039b156b36444458dd6e782bb80598e419ce0df2e975i0,35632,371,81.4,25
372,7d8b59b519210a79651c283a796170af580814432140f4fc00fad8712f8e8202i0,45942,372,106.21,321
373,56f0002801e3d5ae50d42a23e29d275608fd1e620ebc6033604cf20c7d2f9f13i0,18346,373,90.8,84
374,e9bd6e6c0217a00ae006cca20785108bbfbc2cc63b184efa16adaf386a59b9d1i0,45879,374,103,250
375,97ff1387791fffde80086d16b59c5c4bb35df44ce752f067e3aa7518ef3bfa04i0,37953,375,104.8,287
376,dcf2b196112118bb0eb0895487401ad79bbf156d7ce4949877cd0707f47defa2i0,40301,376,111.8,443
377,9358120b999d132462e116e22141daec9b23091b005a993b53833ab5b030f2cei0,46074,377,112,448
378,96edfb08319cdb4f7cad2d88e4bdd05de4e06d75500db7fa3af354200c9a20c9i0,39955,378,100,193
379,35eb3bd4f0474f92976fef1f157f16f01feb862059a888d4a5b0a71fb7c5d193i0,40137,379,116.4,515
380,8314cfb888a15d5bbbd364c9cac37708ecd42c012edbc0da5636d91aeebb4acai0,37497,380,93.2,104
381,e0a1937790166dae7b4568e55fb99599e0d39614aa683dc2a4874d1dd2c3bd65i0,40659,381,103.6,259
382,9a10facd0e373d1af7955ed45b1746418f8509f01c7abe3695d186733d903dcei0,45878,382,101.6,228
383,7c54d3b9f5eaa2d9ad3529585f6add24cc62ec3a4b52c853e61cd88a2b6f6826i0,45943,383,106.2,318
384,b911b03d89eb10bbf7f4a9c57bd6cd2dad2712f182891d5b44625e04b44255b3i0,39951,384,115,494
385,7f56e1ce48effcb1d73902e7eb32857beff4abd20832fc001d312723941954cfi0,45628,385,103.6,260
386,d6213f9a0be53db77f3a551a492fd101230b59125f807d8ff877c6cbdcee4fc0i0,37957,386,79.4,18
387,cc916eadded3365e7485536d1cc9ebbd0d81d185563455b3696a2b21d554bd61i0,46069,387,103.55,257
388,d0c9e09697e87bf1bf2af24703f491fa93a2ebc764f75b63c7aae9e73bd744d7i0,45759,388,94.43,117
389,7dbb4e0e9b07d2de9963c64b0dc2229d55261ad8a4dcd0a042459fd386eb93b3i0,40041,389,99.94,189
390,82aee6f1ec6fd9d3f246e3bdc8d31e47c8f6971db04a295a5dd8a733ec9b71efi0,39166,390,101.2,218
391,8691d3f1920f1004dea4d05ca3b8f2018dfc658ca681af325d658aba14be03c9i0,39164,391,106.02,315
392,04c447507d6799f80165454eaa503fc64bc6725f09113715760fd50d478dd799i0,40244,392,96.2,133
393,01896dbfa23223c69b0e84a22f02625ee38287b3cb68d921e477e3816e5db0cci0,40252,393,104.2,272
394,a662a25a832706351f31c340214a2f19cc0dee32d71dbd7022675ffb561e6a21i0,40030,394,109.2,394
395,5c9cd4f92fd7a7557fedf2036fa0e5538acf80b3e8320f171618240be2ee1558i0,18324,395,112.4,450
396,9317da138f8e1bfdc24c68cc25c315637267d500524c88efbb20be1a75f3eacai0,40251,396,93.1,102
397,16cea23576b04b67850c10971fc6dc39fb40fd667020a3f8fcc063d64b5b385fi0,40130,397,110.6,422
398,7e18f6980160f8c3b4e8bcd2c7b5169aabd79a43fe8fda1d3ea0231586e46988i0,45752,398,111.4,435
399,58d2490bd95ab88459855ecfb1a8c0952b63eb2e2c9d16a08130bd04f471be27i0,40712,399,87.59,60
400,13fc088cbc0898e1bf19db7592398c188db96e1d66e998ed678405303b2faba9i0,40337,400,104.4,275
401,ea73fcfa1d2eb50864bc8c9a64ba448b3c97fe5d577364ee58ab60afaae35fe3i0,40176,401,109.8,406
402,6516b692da4d75be95274d6b2aedf44bd7e080125a48edc217936dbb9841d558i0,39876,402,112.4,451
403,46ea8d26c2a0578414c21022a0f6963c34e3eacf31714b7c22f48c0809960ebci0,39278,403,113.43,471
404,b2fc0cf8b76040f477de5736487496fc96feb3c8b1ac305b41a1caf2af4b527ai0,45874,404,86.2,49
405,4fbc4c8a8ce597c4958d8c3ec113a48ccc211483dfc79069451a33110d7bd4cei0,40046,405,80.2,20
406,211673c89cff1a075177d2026accc36adaddc524c66fee5140e3a274941e5fb8i0,40524,406,104.6,280
407,83ac512d704eb8f4fc4b1cd4368631092298299c1476226cc3ef9ae8cc9cf587i0,39615,407,96.6,137
408,420724c18203d77dc560bbaefa2096f72158cd05a4feecc279c4becbb0fd7cfbi0,46077,408,103.2,251
409,3d4980434efd56266d2f7e67154ed332353eada32ec148a32eb4e8d046c65e07i0,39147,409,94.2,114
410,7f1471a5d1164d75e3faa57a3c9a3e07ee9ea9a148f5891f58c85c79f8ac7dedi0,40255,410,94.6,118
411,84069106548b4f0eabdaea60d3b2e94be22114d4f56a3022744d2aaf3a0fa170i0,40520,411,101.46,226
412,1ceb0c6f173cceb70c478425f84ca51797d6fd07f60cdc8bb86569af8e35e82bi0,40032,412,103.4,255
413,1071a2414f7f95f901fb1ef800c6c2625b9da955444110da47502bedd64eeb48i0,39152,413,113.8,475
414,6e235898a0cba3d563391c89d5789b70a3486b279983c50691c3002e17820617i0,40781,414,98,157
415,8e190affe9c16ea44da15ea395add5a5e7f0d3d8a2038ea5ba675dce88955f88i0,17524,415,106.4,329
416,2400781005ab07eeff142cc22833acbb221b95babc674c81a8231f84e003d8bdi0,38978,416,113.05,462
417,cbb24cac4d975b1acd61d391a3de24d4d8b6ed554870a31720d1ace76491549di0,46073,417,110,414
418,0ad3bf25fd86d25ee781820b916736f210e1f0237f3715afc1330151f214bdd1i0,45485,418,101.2,219
419,239646c5cfa05f017028996f99fd13f43997e03a3c56d4e7cfae4ba9338fba5di0,39943,419,110.4,417
420,f16c83a9a645f6656e50dc9fa5a030ddacaff15e9f52c41cd3e987144af88b9di0,39160,420,100.2,198
421,bf9f4c7513d5d4b6d40775e79d8cd27d27017cebf958f427199356545c61e1bei0,45876,421,114.8,492
422,a006e0367240cd8181489a6e1882ca9dcf0b3009322e0e61a43f3a2b25cba04fi0,45946,422,76.95,15
423,49460bab513f3e174d766a61fbc07f778d068cbd64ce45331139b93029eb2f52i0,40235,423,104.8,288
424,1abc6e97410164b1510f33f39b1511bf9250bd85ac7f664e44b4487d0bae508bi0,39267,424,103.36,253
425,9d6b07744d578e9b407703d6b6db631ff8d6754449b63bdf1ec3ddf46982b07ci0,39614,425,115.4,498
426,abcd9485ca869d6528c60933f68dbfa77d39dfcd94fa871610d0ee704d4731bai0,38975,426,108.68,376
427,3725645036dd47201b3bb475ae417d011e2e73c406666632a211360d011642c4i0,41054,427,92.2,96
428,6e915bd7a32c51f16c24d266bb3a230365e8ae5327a41ca1d67c7d05f7b3e2fdi0,45489,428,124,547
429,f1974bdba6ff5cdbaf351c98d3b123fb33ddb88db8fd8ca1ffa3d6ec67a416aci0,38974,429,107.4,355
430,e5b50d33c1c12965b715b67f03ae2e2a635ea0c6b3c42f7d93c5ef8c594fb6e7i0,16252,430,113,459
431,9b107d4c083ff7714233f1be92a235789c099207be8da6e07ba803a9edb87d28i0,37955,431,91.8,92
432,65c87fa8698b54a75e56e5211ae0c909f1f06a95438c6310da209b125f490ff9i0,39958,432,94.6,119
433,81d76f038cbf10ba95481e1b16ec675c5b94130082c5e6759788a0d651124fc8i0,40140,433,98.6,166
434,c325e38dd938c5928403c7d057bbffec6417d85456a79e717b9de917bf74d2f2i0,40179,434,123.4,541
435,5bfc813eb92ce126f39cac766bd58f74e32423d0cc230f32d734bffcc2183f43i0,39939,435,99.75,182
436,90ff2835896688120331e3c030c63c6c43e545ccb5f2946b1eb2962cde6bfdb7i0,40174,436,106,313
437,0b4d31ba2b19ca0aea1fd87b8b9a217bfde2d6cd5d9c43a1b834a69cc1b0bbeei0,45631,437,106.4,330
438,c4f5a8191817c7679a3836911453711bbd202a54de1f4997302af4bed90fd6f4i0,40668,438,101,211
439,9a80e374cc39f0cc03e743843dfc68fe5a272dde08ea4977c98d9f15bc0cfb24i0,40655,439,78.8,17
440,c6d249fa5f7339eb97e46598555ce7bd4772b82983b8102aa980ce37cfd02e37i0,40294,440,111.4,436
441,8daeba4b9ca971a67bd93c09723ea736819c006294384eca7fbc503581e03372i0,40167,441,110.4,418
442,22333ec94380873fdf39b3a627020d337e64b031627478d606bcc312f565267di0,39879,442,98.6,167
443,f8a38798265bf26dda0f9e1bf94cd30a795115c7e7ecee5f8b690fc8a4e96c27i0,45944,443,123.4,542
444,1087f061cc63a638b9fa0538049d57932d8be77628be5bd022564aba0b0a2dafi0,39162,444,99.8,187
445,d403893454465b130febd8c2e7a3f9b4529a32c2a467e44d35d4587f635c66eei0,40767,445,115.4,499
446,55566ecde8495f800afeb489adee01da7e3c733822a555a1aaf9d2f2ff6fc07ei0,45951,446,101,212
447,9c1c54e85b727d9c8fea58afd6849e00eca706effe73538609a03ea2ecfc365ci0,45686,447,101,213
448,2e5eb4cf15fb015c0d08b3d05d59a158119c2d7979b5376ecaa671b754ed28c1i0,35915,448,91.8,93
449,dd79fc3980ca5c559bfcb1f2962999c256b4905112168efbf9e51d2f74f6177ai0,39878,449,114.4,483
450,24fef69bf7855625a65dcfdb377402b947a6bc325138a9991cd57bf03634088fi0,34880,450,91.4,89
451,00004c58042ca7aa8aaf8d9117c9a8476ad97f4862ec679fc052c4f2cd16654ai0,37306,451,93.2,105
452,08dc9237627d3e0ab3f2aa0b0672dc8a7ca9607638e63d93bb874c36910f08d0i0,45484,452,110,415
453,f6c28823258f7087e0344dbc39e66fe2e1fb96984df815acadef06d7e5b00ae7i0,46159,453,106.21,322
454,12cf5a998dadba30da797caec30c6280e87e077f2bef052ff5cc733feb3936c7i0,35793,454,83.6,36
455,1a628289f19574c7dac8a40d4cd40c50f1a05f789281938f54f92d25aac3cdd9i0,40143,455,88.8,69
456,5a02abeb3f26e1032a82d9d1bb3a6dad0c4ff67d4ed80998599964eef63d830di0,40653,456,91,85
457,31271437be7c91bd1fe9d29b0cca2ce78332fb75ae8d2ceadb518caee6bca529i0,40517,457,123.2,540
458,3b8d55048f2b061d2623024ff30a6a9e85d89f664948e6506dea3772957f27e0i0,38983,458,117.4,521
459,ffd6b1fed754ee368928c05285e3f901e3e724a2e7172fd85b2ebb7025f7bfcdi0,45877,459,86.6,52
460,146813dd7f4c281f458a7d85e7045a69ce18ba76e66255db6b7bc3f19dd40f77i0,46071,460,96.6,138
461,9284acd83a3eb91c57b0b82d5ce55e9a06465b3889eb3b4f9519d1991bf3b8b9i0,39163,461,113.24,468
462,e5986de7bcedc7227c860f0d8aaf6e254956d561c1b3210f0ec204e544881057i0,40236,462,125.4,551
463,cc6003b5d0003148c1b0690bfd1b799977146034e70affe8d740a6b4f2da057ei0,40373,463,99.2,174
464,2835e2176dcf771a69c188b73b5dc8558230ca892220e8e7d71da8a492ce4499i0,17928,464,117,517
465,fb5674c10b9e753325693208c23acf98fa7a1461edcb2ae8127fa068e5a992cbi0,40175,465,104.69,283
466,f00ba83e4f4e9306928735773d1d22a63678d8ab2964b4081ec22b6f7c1901b2i0,39276,466,113.43,472
467,37a8be0cfd08fa6144b32bbf00d1f948e364a7b2a440029e9d68b37f06eb97e5i0,40177,467,110.77,423
468,8ea7148bc79cdc8a23be761e9109eb1b55d7be18e4d2200304f3585a63fa27e2i0,45760,468,112.8,456
469,558f6df49748513861d5daa2b554379ef33b0cb2f6144670bccb5d7b801aef7fi0,39265,469,107.2,348
470,c0867e15e02da0459a08aae8c575cfb62771b6c487a9171fcf62d83940b2ec37i0,38958,470,100.6,206
471,468fe7060b4eab37543625357396a01dd4f2def2ae6e64588d6f2dad6195ffebi0,45882,471,99.2,175
472,4b1f72e91e0ea73d35747caba9218fc7e7986bedcd540a7fef3adc7d4e2f294fi0,39874,472,101.27,221
473,4dbf4435159ccb664475218c17cb7bc71aa1fd4d66e73b437a427e9709209271i0,45751,473,110.58,420
474,dc4256628e0753e67698cba4caca70325a672e33199c78746fd979f73f50d127i0,40293,474,116,509
475,56f38c2ecffc391bfbf818c62f8754ba29509786e2752a00b846af4dea9983a8i0,17999,475,89.6,75
476,3ce9af4b7aff2fc9cf8bfa3a939726ec08a6c41d796cf1be1da9c0bd9910300fi0,18264,476,119.2,530
477,c59612c4100669970dc5b740db65d08831ae645c237e43e45dbb09b56b489406i0,46063,477,106.4,331
478,cca5a1d69d593b7d24d8b1c999dc80e0f93af4dedf19fb220e3bb098daffd9dci0,39957,478,98.2,161
479,66ce651bc1be8a072e0305b3143077e43b0b3d4591dcef81f5594d8e47b5ed68i0,40371,479,99.94,190
480,5ab13b17d0135748804b6adf8ea354029f5a014817a9d8871f3d23ce53430337i0,40124,480,92.6,99
481,8f281a9b15583a82e0b6a6368a655621f159de1787b1e9039b8052dc60607df1i0,46160,481,95.76,128
482,dab366223d67df1a84aa42da2eb4636ae6f70c5ec6094cbfa8e441d527d77b95i0,40377,482,86.4,51
483,f54dbd4f17bcfebeee4da19f5e08c4b2d2b89697636182dee3fdcc4014dd04a2i0,40171,483,115,495
484,3a45ed554e6715c2877737c8a9914aa05654197102cff095d5b3a5f33e06f0d2i0,45954,484,95,121
485,c794229f8bb89f0196f2420ebdf9c0f8afaf7f80fe44429b0ba24721e1438d0ai0,40118,485,96.8,140
486,479081d14441ad6203d9b5c7d59fb1940f4ba573b63c114a518765dfdda08619i0,45616,486,99.75,183
487,cd72649be3c5102a64dc329dc6de2652da130883edd3f69da155c08cda337321i0,39867,487,118,525
488,2a8ffd40ac70e4bf45696e0f443d8d47ab1cbd9f467ed02b3ee1846e9f3680abi0,38053,488,88.4,64
489,0eeba6addf9a80d3a80fc695837c2aa185d49f578c42ca5951d63c6ddf606588i0,40241,489,109.25,395
490,b4ea79128a0cf33e44fbf7aa6e41d16db4824629a3dd7c74d9e27d38ee414849i0,46066,490,107.8,361
491,a4d7a05cd1248f34a24047ce82095b3f5b2a40333f8b1cd81a28ff1fd6f76ff0i0,35633,491,90.2,79
492,6265fc1a1e9dd41fc69a32b6732fe1def5d800cb1e15ee0d805342169d4f3269i0,45872,492,98.2,162
493,eac6da9cbbeb47fdbf4d1fd89f1954a774c11385e5fdb9af47141e360646c6e3i0,45487,493,107.8,362
494,6e70fe126136efa494e8be2f7baee894cbae18dc74b8a0e4180ebe77f20fb35ei0,40297,494,109,386
495,ec4a1e10a87c29e115186aaafa37ed568f229a092ffa33c8744a7628b427d889i0,40169,495,107.73,359
496,6d4aeb49b8da2fc90c1d5ba452330482dfe0db6d1a45a21fbdbfb19ceabb8f75i0,45949,496,103.2,252
497,32cce0128774360e760fa069bac0244198b742709f72d628b966f2010cee4a90i0,40530,497,99.6,180
498,598eca8ec1aa949fce79eead0a98c6a95a19d311336eb91b6c88a6e7fd459dfci0,45883,498,105.45,306
499,c558a8c85ff9c65cc57693c798d7ae47ec1de315a8ed06a8150106caee8f7581i0,38970,499,98.23,164
500,3f81989463797a89b333b4f3a8fc2b139c7e1deafe474b8ef39924a2a2851386i0,40783,500,108.4,371
501,372d98ab7b5c42ccf7c5cc5b28f1c089830ebaee4b1c0eda590f1fee8be7cd80i0,16622,501,99.2,176
502,e47ab590aefd2ecca354a4327976f6801f82c32c54da73e73f9e48e7c96df70ei0,39148,502,105.8,310
503,9654d31cc7ab9c5a51a8d0c1c1230d01b2d8490bed7ae29b0043ca18f12d633ei0,39871,503,109,387
504,f86231c8686cc98c233a189e8c360013f85ec3dd9a4eecbffe13f4752fabc888i0,45480,504,90.4,81
505,c3422fb0ea885a0b5629d2685717e2d62cd057937bc5d9ee397d715d78955a9ci0,39883,505,112.8,457
506,88758bc51e978f25a1488d5b3c532c8bd8c34cc5d66752c061119d717063b4cei0,37578,506,105.4,303
507,1ab196a8e2cd098d1a14b032baacec29c00db4a4ab7ebd8e81b30cd295ce526fi0,39945,507,86.64,54
508,e1df1a202c7d04458f41feaeff38d8b567edbbe04bc89f3a3d1dbf483ff18706i0,40326,508,115.52,501
509,d865d0734b2d8dd110f18b797967ffd8d63167c05275c6aa1d35586d847bd4c2i0,18059,509,100.2,199
510,47070c0df0e40b434a390c9d27d58524e9ae3a38755ddc72bf7bff882b5c0088i0,45478,510,103.4,256
511,81444a29afc2421599979361b11ac12e8d2ede7e293a6acd279e817d04895dc8i0,40141,511,97.66,154
512,9ee636314b9a5a6c54678c19985f3d500b911629dc9490667d15d28affebb222i0,45472,512,90.6,83
513,7f743114a24e346d2b595d09cc006479d88196f0a93bd6e79fc0af8779b1cc73i0,40372,513,106.4,332
514,687a093e8d956e711d26f7324f718c0f4bd22d37d9089a34e35f78d4d55c4ca2i0,40927,514,88,62
515,ffef7ce1f3e6297e30819bc71c1a75db38fcc7f31be9648fce290b87cec1a393i0,40542,515,101.08,214
516,d7979eec219a1e85a9dc0a0f20898eacc25199edf0161e4b06ea5a151f0c7d0ai0,40526,516,103.74,261
517,b3fad7e73dcf71917dad63c6473b706d25049cf7c787c79c23b07a05ee8758bbi0,45403,517,106.21,323
518,2fc36d3ad973aaeb8692456d1512e4482d737cdc7b3a9de7cffc78eda9b6ac1ei0,40370,518,104.31,273
519,250b9a705a885376d924e3b426be765f6ad4719cb5d92a9aadf6415abc86520fi0,45868,519,123.4,543
520,e974079c3087496f8cd028663e3896683751b3532cd55c07c46b47e098098398i0,39268,520,115.4,500
521,f7cc4348cbd3c44685926a4070ba9e8603381f853f22135169e10077d934dfaai0,39885,521,114,478
522,33fe8428da3d4ad91c1e889e9fabe274d736b71075d9f5f2c74dd79aaf0792f3i0,45488,522,113.62,474
523,a130f7d0cf2bdd012e311483448b2830a84cec98e465ccdcab1bde04b8f3499di0,40170,523,97,143
524,011c6f36999feca32fef89454cf541dfa78eb81316b90cc3b15d499408c2331fi0,38955,524,101.6,229
525,089f467d60b5b87ce8e6a833ec2a9a68abf95d6fe956014f806d7497802f0601i0,45941,525,96.2,134
526,d8a8bbbba8f39ff02c41cbb4cba2a094cb2d90cd124767f72dd8dee3eebcab46i0,35734,526,97.8,156
527,e9c61323b87b7b1b7d06de56a8155d03d1e2693342a7f9238b7d0afacd4aeff3i0,45425,527,106.8,339
528,504ad973772d4bf21582b0921b56b57289f7a182de4707c04c45e18ab00533fci0,39284,528,104.6,281
529,4899d8bc3073ceb254797c6f63899132f72451851e9da3557f836a507940bbfai0,45700,529,102.6,243
530,583be02e064a833a809571428f73fc85ecbe21f83919d0cddc31e9bb78cec350i0,17198,530,101.4,224
531,2d61504b17f251b489bd45c682d184d05df872fdafc0bd7a8f0ebb6bba85710ei0,40027,531,111,425
532,5def19393ab2f2e6568c2ef1f02159829af7d54c974a3c08d1be94a42598fd49i0,17523,532,98.2,163
533,e52fd91a99174164999a05bade70ec39066a90f862f3069da1a932cdee38144fi0,40126,533,99.4,177
534,6773107eebfe5b58cb57ecccdd3021704bc586fefb5de19eba1820874997cba3i0,40543,534,123.88,545
535,9c3bb64b29da38df24f345d0ef5bf5a7cb0c6eb594846ead5e6cf453866357f8i0,17129,535,107.8,363
536,d9227e8043811387fd57673c05b6caa3f9d90305f212cdf8c543f17291fc57e6i0,35736,536,86.6,53
537,9eaf01c6fa96e5d5faa18e750aab5813af0f628635d19db03db25ccf208b1cc0i0,41053,537,97.4,149
538,3de51412355eaa04fadb777c0471e1eff1f0c862061e7e8c6d8fee31e33ca281i0,40521,538,107.2,349
539,84986f571354ac9f6734fd0cce584c9c1fbaf6f6f618a714e56c19e6456d189di0,39270,539,104.8,289
540,9fca675c1dd3a4a71bc666936cae7e4ec2b9ef5fd0ed6b6ab50cf3bd621b1ad8i0,17206,540,90.4,82
541,3a644e7c80324a31696cd7bb11dd39124e6662a1f1d1a49e5e29e09a5668fd55i0,40128,541,111.8,444
542,7380eb3e16d1ccd3b308b5e7052bbd17b1b49ebfc9ff19f5e32c98b6564fff5ei0,38966,542,99.75,184
543,a334cd6d8dff5f68bde869e52b9cc0d6c3ef6e26e8b7e6b0e1c49f250b9bb21ai0,40120,543,99.6,181
544,e0d0c857d5d7c3794244ec8c4cae6548f581fc3c7c5610e92d7f0299a4f32277i0,45687,544,88,63
545,f89159315dbd0e1f54b17f9e44f5b3fcd1280eefa25f11412d541af302ab5514i0,35629,545,111.2,431
546,267b7ece7fe47e9a97b95ec4f9a582916fe458cf52811f4bed4d6c4bd33339dbi0,37958,546,84.6,41
547,755b9ec7d7e95fb755301fd1b8b7b8c9a1aeca9a5ad418267d6da0e89a68fdd2i0,17089,547,106,314
548,???,???,548,1,1
549,???,???,549,2,2
550,???,???,550,3,3
551,???,???,551,4,4
552,???,???,552,5,5
553,???,???,553,6,6
554,???,???,554,7,7
555,???,???,555,8,8